-- MySQL dump 10.13  Distrib 5.7.15, for Linux (x86_64)
--
-- Host: 192.168.43.138    Database: DICT
-- ------------------------------------------------------
-- Server version	5.7.15

/*!40101 SET @OLD_CHARACTER_SET_CLIENT=@@CHARACTER_SET_CLIENT */;
/*!40101 SET @OLD_CHARACTER_SET_RESULTS=@@CHARACTER_SET_RESULTS */;
/*!40101 SET @OLD_COLLATION_CONNECTION=@@COLLATION_CONNECTION */;
/*!40101 SET NAMES utf8 */;
/*!40103 SET @OLD_TIME_ZONE=@@TIME_ZONE */;
/*!40103 SET TIME_ZONE='+00:00' */;
/*!40014 SET @OLD_UNIQUE_CHECKS=@@UNIQUE_CHECKS, UNIQUE_CHECKS=0 */;
/*!40014 SET @OLD_FOREIGN_KEY_CHECKS=@@FOREIGN_KEY_CHECKS, FOREIGN_KEY_CHECKS=0 */;
/*!40101 SET @OLD_SQL_MODE=@@SQL_MODE, SQL_MODE='NO_AUTO_VALUE_ON_ZERO' */;
/*!40111 SET @OLD_SQL_NOTES=@@SQL_NOTES, SQL_NOTES=0 */;

--
-- Table structure for table `DEPT`
--

DROP TABLE IF EXISTS `DEPT`;
/*!40101 SET @saved_cs_client     = @@character_set_client */;
/*!40101 SET character_set_client = utf8 */;
CREATE TABLE `DEPT` (
  `id` bigint(20) NOT NULL,
  `name` varchar(100) DEFAULT NULL,
  `address` varchar(100) DEFAULT NULL,
  PRIMARY KEY (`id`)
) ENGINE=InnoDB DEFAULT CHARSET=utf8;
/*!40101 SET character_set_client = @saved_cs_client */;

--
-- Dumping data for table `DEPT`
--

LOCK TABLES `DEPT` WRITE;
/*!40000 ALTER TABLE `DEPT` DISABLE KEYS */;
INSERT INTO `DEPT` VALUES (1,'test','test');
/*!40000 ALTER TABLE `DEPT` ENABLE KEYS */;
UNLOCK TABLES;

--
-- Table structure for table `DICT_POST`
--

DROP TABLE IF EXISTS `DICT_POST`;
/*!40101 SET @saved_cs_client     = @@character_set_client */;
/*!40101 SET character_set_client = utf8 */;
CREATE TABLE `DICT_POST` (
  `id` bigint(20) NOT NULL AUTO_INCREMENT,
  `post` varchar(255) DEFAULT NULL,
  PRIMARY KEY (`id`)
) ENGINE=InnoDB AUTO_INCREMENT=11 DEFAULT CHARSET=utf8;
/*!40101 SET character_set_client = @saved_cs_client */;

--
-- Dumping data for table `DICT_POST`
--

LOCK TABLES `DICT_POST` WRITE;
/*!40000 ALTER TABLE `DICT_POST` DISABLE KEYS */;
INSERT INTO `DICT_POST` VALUES (1,'manager'),(2,'operator'),(9,'developer'),(10,'mmama');
/*!40000 ALTER TABLE `DICT_POST` ENABLE KEYS */;
UNLOCK TABLES;

--
-- Table structure for table `FUNCTIONS`
--

DROP TABLE IF EXISTS `FUNCTIONS`;
/*!40101 SET @saved_cs_client     = @@character_set_client */;
/*!40101 SET character_set_client = utf8 */;
CREATE TABLE `FUNCTIONS` (
  `id` varchar(100) NOT NULL,
  `description` varchar(100) DEFAULT NULL,
  PRIMARY KEY (`id`)
) ENGINE=InnoDB DEFAULT CHARSET=utf8;
/*!40101 SET character_set_client = @saved_cs_client */;

--
-- Dumping data for table `FUNCTIONS`
--

LOCK TABLES `FUNCTIONS` WRITE;
/*!40000 ALTER TABLE `FUNCTIONS` DISABLE KEYS */;
INSERT INTO `FUNCTIONS` VALUES ('main','main functions');
/*!40000 ALTER TABLE `FUNCTIONS` ENABLE KEYS */;
UNLOCK TABLES;

--
-- Table structure for table `LOGIN`
--

DROP TABLE IF EXISTS `LOGIN`;
/*!40101 SET @saved_cs_client     = @@character_set_client */;
/*!40101 SET character_set_client = utf8 */;
CREATE TABLE `LOGIN` (
  `username` varchar(100) NOT NULL,
  `password` varchar(100) DEFAULT NULL,
  `name` varchar(100) DEFAULT NULL,
  `dept_id` bigint(20) NOT NULL,
  PRIMARY KEY (`username`),
  KEY `LOGIN_DEPT_FK` (`dept_id`),
  CONSTRAINT `LOGIN_DEPT_FK` FOREIGN KEY (`dept_id`) REFERENCES `DEPT` (`id`)
) ENGINE=InnoDB DEFAULT CHARSET=utf8;
/*!40101 SET character_set_client = @saved_cs_client */;

--
-- Dumping data for table `LOGIN`
--

LOCK TABLES `LOGIN` WRITE;
/*!40000 ALTER TABLE `LOGIN` DISABLE KEYS */;
INSERT INTO `LOGIN` VALUES ('dima','$2a$10$fFnteeV3AgKpbcSVBrKnOOkAgDrycnrtgAgkamj7cL8kF6e62qlPi','dima',1);
/*!40000 ALTER TABLE `LOGIN` ENABLE KEYS */;
UNLOCK TABLES;

--
-- Table structure for table `LOGIN_FUNCTIONS`
--

DROP TABLE IF EXISTS `LOGIN_FUNCTIONS`;
/*!40101 SET @saved_cs_client     = @@character_set_client */;
/*!40101 SET character_set_client = utf8 */;
CREATE TABLE `LOGIN_FUNCTIONS` (
  `login_id` varchar(100) NOT NULL,
  `function_id` varchar(100) NOT NULL,
  KEY `LOGIN_FUNCTIONS_LOGIN_FK` (`login_id`),
  KEY `LOGIN_FUNCTIONS_FUNCTIONS_FK` (`function_id`),
  CONSTRAINT `LOGIN_FUNCTIONS_FUNCTIONS_FK` FOREIGN KEY (`function_id`) REFERENCES `FUNCTIONS` (`id`),
  CONSTRAINT `LOGIN_FUNCTIONS_LOGIN_FK` FOREIGN KEY (`login_id`) REFERENCES `LOGIN` (`username`)
) ENGINE=InnoDB DEFAULT CHARSET=utf8;
/*!40101 SET character_set_client = @saved_cs_client */;

--
-- Dumping data for table `LOGIN_FUNCTIONS`
--

LOCK TABLES `LOGIN_FUNCTIONS` WRITE;
/*!40000 ALTER TABLE `LOGIN_FUNCTIONS` DISABLE KEYS */;
INSERT INTO `LOGIN_FUNCTIONS` VALUES ('dima','main');
/*!40000 ALTER TABLE `LOGIN_FUNCTIONS` ENABLE KEYS */;
UNLOCK TABLES;

--
-- Table structure for table `LOGIN_LOCKS`
--

DROP TABLE IF EXISTS `LOGIN_LOCKS`;
/*!40101 SET @saved_cs_client     = @@character_set_client */;
/*!40101 SET character_set_client = utf8 */;
CREATE TABLE `LOGIN_LOCKS` (
  `id` bigint(20) NOT NULL AUTO_INCREMENT,
  `reason` varchar(100) DEFAULT NULL,
  `login_id` varchar(100) DEFAULT NULL,
  PRIMARY KEY (`id`),
  KEY `LOGIN_LOCKS_LOGIN_FK` (`login_id`),
  CONSTRAINT `LOGIN_LOCKS_LOGIN_FK` FOREIGN KEY (`login_id`) REFERENCES `LOGIN` (`username`)
) ENGINE=InnoDB DEFAULT CHARSET=utf8;
/*!40101 SET character_set_client = @saved_cs_client */;

--
-- Dumping data for table `LOGIN_LOCKS`
--

LOCK TABLES `LOGIN_LOCKS` WRITE;
/*!40000 ALTER TABLE `LOGIN_LOCKS` DISABLE KEYS */;
/*!40000 ALTER TABLE `LOGIN_LOCKS` ENABLE KEYS */;
UNLOCK TABLES;

--
-- Table structure for table `MENU`
--

DROP TABLE IF EXISTS `MENU`;
/*!40101 SET @saved_cs_client     = @@character_set_client */;
/*!40101 SET character_set_client = utf8 */;
CREATE TABLE `MENU` (
  `id` varchar(100) NOT NULL,
  `name` varchar(100) DEFAULT NULL,
  `css` varchar(100) DEFAULT NULL,
  `icon` varchar(100) DEFAULT NULL,
  PRIMARY KEY (`id`)
) ENGINE=InnoDB DEFAULT CHARSET=utf8;
/*!40101 SET character_set_client = @saved_cs_client */;

--
-- Dumping data for table `MENU`
--

LOCK TABLES `MENU` WRITE;
/*!40000 ALTER TABLE `MENU` DISABLE KEYS */;
INSERT INTO `MENU` VALUES ('main','main','main',NULL);
/*!40000 ALTER TABLE `MENU` ENABLE KEYS */;
UNLOCK TABLES;

--
-- Table structure for table `POSITION`
--

DROP TABLE IF EXISTS `POSITION`;
/*!40101 SET @saved_cs_client     = @@character_set_client */;
/*!40101 SET character_set_client = utf8 */;
CREATE TABLE `POSITION` (
  `id` int(10) unsigned NOT NULL AUTO_INCREMENT,
  `post_id` bigint(20) DEFAULT NULL,
  `user_id` bigint(20) DEFAULT NULL,
  `postId` bigint(20) DEFAULT NULL,
  `userId` bigint(20) DEFAULT NULL,
  PRIMARY KEY (`id`),
  KEY `POSITION_USER_FK` (`user_id`),
  KEY `POSITION_DICT_POST_FK` (`post_id`),
  CONSTRAINT `POSITION_DICT_POST_FK` FOREIGN KEY (`post_id`) REFERENCES `DICT_POST` (`id`) ON DELETE CASCADE ON UPDATE CASCADE,
  CONSTRAINT `POSITION_USER_FK` FOREIGN KEY (`user_id`) REFERENCES `USER` (`id`) ON DELETE CASCADE ON UPDATE CASCADE
) ENGINE=InnoDB AUTO_INCREMENT=18 DEFAULT CHARSET=utf8;
/*!40101 SET character_set_client = @saved_cs_client */;

--
-- Dumping data for table `POSITION`
--

LOCK TABLES `POSITION` WRITE;
/*!40000 ALTER TABLE `POSITION` DISABLE KEYS */;
INSERT INTO `POSITION` VALUES (4,1,33,NULL,NULL),(7,9,35,NULL,NULL),(8,2,38,NULL,NULL),(11,2,30,NULL,NULL),(15,9,43,NULL,NULL),(17,1,44,NULL,NULL);
/*!40000 ALTER TABLE `POSITION` ENABLE KEYS */;
UNLOCK TABLES;

--
-- Table structure for table `SESSION`
--

DROP TABLE IF EXISTS `SESSION`;
/*!40101 SET @saved_cs_client     = @@character_set_client */;
/*!40101 SET character_set_client = utf8 */;
CREATE TABLE `SESSION` (
  `id` varchar(100) NOT NULL,
  `user_id` varchar(100) NOT NULL,
  `ip` varchar(100) DEFAULT NULL,
  PRIMARY KEY (`id`),
  KEY `SESSION_LOGIN_FK` (`user_id`),
  CONSTRAINT `SESSION_LOGIN_FK` FOREIGN KEY (`user_id`) REFERENCES `LOGIN` (`username`)
) ENGINE=InnoDB DEFAULT CHARSET=utf8;
/*!40101 SET character_set_client = @saved_cs_client */;

--
-- Dumping data for table `SESSION`
--

LOCK TABLES `SESSION` WRITE;
/*!40000 ALTER TABLE `SESSION` DISABLE KEYS */;
INSERT INTO `SESSION` VALUES ('016BC4916CF7E7DAAD9F6A17D8483E42','dima','0:0:0:0:0:0:0:1'),('032A68E69DCC5BDC5C188927B9CB011B','dima','0:0:0:0:0:0:0:1'),('064C6E714DFDB7FE1E97F4D02089A8E9','dima','0:0:0:0:0:0:0:1'),('09D9989ECFBEDB0F1E21BAD777E79D95','dima','0:0:0:0:0:0:0:1'),('0BE00ECA8F0942E96B40A5C87C84169F','dima','0:0:0:0:0:0:0:1'),('0F33474AC4D668861DFDACBCE6D21CB1','dima','0:0:0:0:0:0:0:1'),('14B269C8D71C587F0A30DAECADCBD25B','dima','0:0:0:0:0:0:0:1'),('171F0EA38AF9EDAF6146A53E8C9144BA','dima','0:0:0:0:0:0:0:1'),('1936381262605B232253750C18CDD8B9','dima','0:0:0:0:0:0:0:1'),('196FABDFD3C501C70F8FD3D468ACCBB1','dima','0:0:0:0:0:0:0:1'),('1B44E452EBF129C54C482284D58CF59B','dima','0:0:0:0:0:0:0:1'),('1F7D9F396C1E850F1BD8EF3C726DDDF3','dima','0:0:0:0:0:0:0:1'),('1qeif2fe8qbhc1403odb808y9c','dima','0:0:0:0:0:0:0:1'),('25B6747146F26D19206C2E7D03818E34','dima','0:0:0:0:0:0:0:1'),('25BE17D97EB69763A203CFEAD5C970F2','dima','0:0:0:0:0:0:0:1'),('27C6B5D9D278107ADF1970F7BC3CFE12','dima','0:0:0:0:0:0:0:1'),('28A99E96860C5BBBAA1FC927E0334E00','dima','0:0:0:0:0:0:0:1'),('28E3946CCE34338227CA08AD58D81D0C','dima','0:0:0:0:0:0:0:1'),('28E794AFDFFD1C4B7F36E2D4DF7C5FA4','dima','0:0:0:0:0:0:0:1'),('2CE43941CA848AF2D1C034A6A917377C','dima','0:0:0:0:0:0:0:1'),('3083799EAFD2FA4671AF7C6857203949','dima','0:0:0:0:0:0:0:1'),('34EA78A58AE16CA50FAF29CBF2E4C649','dima','0:0:0:0:0:0:0:1'),('35D2CB83E0FB29178471F70BCD62D561','dima','0:0:0:0:0:0:0:1'),('3926C576B5D892FA4AE761DE6470D611','dima','0:0:0:0:0:0:0:1'),('40C7361798574F48B58F26610D206EEA','dima','0:0:0:0:0:0:0:1'),('4164A4A309EC32B2FE7848ED56711352','dima','0:0:0:0:0:0:0:1'),('4718FEF7722B2FA52A942BAC3C54CC1A','dima','0:0:0:0:0:0:0:1'),('479F576BC136132C327F42BCAF76A890','dima','0:0:0:0:0:0:0:1'),('48903308D8685F3537FBF420C5EDD907','dima','0:0:0:0:0:0:0:1'),('4B692E5A248FAB45B3D753B5E6B8978F','dima','0:0:0:0:0:0:0:1'),('4F9601B6D403DD735DE4191EA43E4D4C','dima','0:0:0:0:0:0:0:1'),('515D77A6633183780DD6AAC27D67668F','dima','0:0:0:0:0:0:0:1'),('52767A482CE7773B7A02CF0F0E607E53','dima','0:0:0:0:0:0:0:1'),('52AD6D8E64CF40312C37FA957F631B2A','dima','0:0:0:0:0:0:0:1'),('52D6D5D521549FAC4E19D892DA8B56D4','dima','0:0:0:0:0:0:0:1'),('577E96CDE05644853383D666C55AE292','dima','0:0:0:0:0:0:0:1'),('58931FF4E24C4A9281EF58FA1D7E528B','dima','0:0:0:0:0:0:0:1'),('599F4D6A03F8B8B91028E7AB27A0BA49','dima','0:0:0:0:0:0:0:1'),('59DCB69806176CB8AA4523C4DD91BD76','dima','0:0:0:0:0:0:0:1'),('5A88FAA738B6F27CE3226F40207CB130','dima','0:0:0:0:0:0:0:1'),('5EAAE44941892F02442097EAC9E4D331','dima','0:0:0:0:0:0:0:1'),('5F4740502DE57C48991F4E983A35B004','dima','0:0:0:0:0:0:0:1'),('6010B4730251D148312BB3CBCB1CB05E','dima','0:0:0:0:0:0:0:1'),('60250071A77FAF4DC142903E24D649A9','dima','0:0:0:0:0:0:0:1'),('62698269DCC238A1479E41A761C4C257','dima','0:0:0:0:0:0:0:1'),('62761EA7ACC71182DA394DDCDDA829F5','dima','0:0:0:0:0:0:0:1'),('6B562F1F794417A473E1C31163C79645','dima','0:0:0:0:0:0:0:1'),('6CF424E4BD9F7639E4A1340EB9493D9D','dima','0:0:0:0:0:0:0:1'),('6D436D92AAB2059E5947076092BCCAE9','dima','0:0:0:0:0:0:0:1'),('6D898D99906F4F6D64502D5C257DD98C','dima','0:0:0:0:0:0:0:1'),('6FAAE7E963049D9F1DE50EC4C7B7E9BA','dima','0:0:0:0:0:0:0:1'),('700C8FD27B4B7B4AB2058D01218DD4F7','dima','0:0:0:0:0:0:0:1'),('721369F3BC5E2EDE1984AFC08D568529','dima','0:0:0:0:0:0:0:1'),('7414B6466A16073A957023EFCC0BF5B8','dima','0:0:0:0:0:0:0:1'),('741B7AFEB2FD60B0759D382596A38397','Dima','0:0:0:0:0:0:0:1'),('741EDFB9FAE2E10EC6BC323B96CE0468','dima','0:0:0:0:0:0:0:1'),('75DAD2A6732FEBA98A1CC5317B7E66E7','dima','0:0:0:0:0:0:0:1'),('77569A43C40B97785AA5416C2C1D0A0A','dima','0:0:0:0:0:0:0:1'),('7D65D3F11E4A20BD29585D03CE1E0E2B','dima','0:0:0:0:0:0:0:1'),('80910CE0704A42388651FE1A3AE92006','dima','0:0:0:0:0:0:0:1'),('857456937924956FC06AB9968A710551','dima','0:0:0:0:0:0:0:1'),('87D2397B19F90ACE7FD5CFE3EED015C7','dima','0:0:0:0:0:0:0:1'),('8821786E7F91D0B80FC8EEDF16576A2C','dima','0:0:0:0:0:0:0:1'),('8B3E393696F40377B6C90FF13AF88063','dima','0:0:0:0:0:0:0:1'),('8DCC0E6509441B560CF6DF00C6AF1529','dima','0:0:0:0:0:0:0:1'),('90206599DD9F081E51D2DE2FBA4CAD9D','dima','0:0:0:0:0:0:0:1'),('90783CE243C6A44645B691EE3E522343','dima','0:0:0:0:0:0:0:1'),('94152D4A7447B6ED368D1AE885698545','dima','0:0:0:0:0:0:0:1'),('94A3848023D275E9BF5224FB9FA219D8','dima','0:0:0:0:0:0:0:1'),('9B89C135BFC36A40B73FF2CB1FCF4806','dima','0:0:0:0:0:0:0:1'),('9C858A0CD0E7296FE3AF354A0E2F2BA2','dima','0:0:0:0:0:0:0:1'),('9D85A00600D3EB957BE2D779AD9001E8','dima','0:0:0:0:0:0:0:1'),('9FCC2A8CC8B9CC9CFFDCA8B35A8386E9','dima','0:0:0:0:0:0:0:1'),('A05C84E83B90FD85F01C1B8B6A860D0F','dima','0:0:0:0:0:0:0:1'),('A5756A053E69362EC71D2EC41980EE3F','dima','0:0:0:0:0:0:0:1'),('A76F4007A55B73D375C9FF6AAB735469','dima','0:0:0:0:0:0:0:1'),('A854B8613B7A828FA4D6786AC863D50B','dima','0:0:0:0:0:0:0:1'),('A8BD665D1EDD402DC40E189C7F4E67CF','dima','0:0:0:0:0:0:0:1'),('ABDC98B535AD6AFCA2EDA9DAC12A0FDD','dima','0:0:0:0:0:0:0:1'),('AD3DA939F59ADACD1603189E5EE15C28','dima','0:0:0:0:0:0:0:1'),('ADA29968673E5FEDFEC2B42B9AC20D6D','dima','0:0:0:0:0:0:0:1'),('AEF1C106B2BBC854103A5A62AF91E534','Dima','0:0:0:0:0:0:0:1'),('AF48C69B5EAD5E4956B35D0C74746CAC','dima','0:0:0:0:0:0:0:1'),('B0687794B52FB48A43FDD64DB29954F4','dima','0:0:0:0:0:0:0:1'),('B06CB96A1D2558BB6291C2A119267A2A','dima','0:0:0:0:0:0:0:1'),('B0C9742C5082E60CC05C3787F0228BE3','dima','0:0:0:0:0:0:0:1'),('B478C31F927B09F4586094B64263F63D','dima','0:0:0:0:0:0:0:1'),('B776C4961C5FDA32A5EA50C6314DD34A','dima','0:0:0:0:0:0:0:1'),('BAE6AC9EB80066246CA0B5DACD510A63','dima','0:0:0:0:0:0:0:1'),('BCC0D46CBA41892086815C41A100B132','dima','0:0:0:0:0:0:0:1'),('BD842EB89C98A92F20826371454DE19B','dima','0:0:0:0:0:0:0:1'),('BEE57171BF323827F813D172A48EA686','Dima','0:0:0:0:0:0:0:1'),('C18401520186AB1E90F92B6BE5DD2416','dima','0:0:0:0:0:0:0:1'),('C35F7812FAEFDA309E87189DC6B91541','dima','0:0:0:0:0:0:0:1'),('C4571FE1C73329E2C4AE4D1F024476F1','dima','0:0:0:0:0:0:0:1'),('C7671A9F00CE7EDF591B6791F6036C69','dima','0:0:0:0:0:0:0:1'),('CAD2915F8079CB075C69CFCF0A82BFB8','dima','0:0:0:0:0:0:0:1'),('CB7E4DD69BFB46F7C4BC5A62BA9C0028','dima','0:0:0:0:0:0:0:1'),('D2A526207650BB5315416226B3971D74','dima','0:0:0:0:0:0:0:1'),('D34C8838503AAD5155130EE1B0B0F23C','dima','0:0:0:0:0:0:0:1'),('D3F7BC4FC72B8EFA95E0BC697C8269F7','dima','0:0:0:0:0:0:0:1'),('D61F83724F540897C4DFCECA821855AD','dima','0:0:0:0:0:0:0:1'),('D74B4B9DBCCBF6482830BC072EA1C8CC','dima','0:0:0:0:0:0:0:1'),('D8CFECA448B357F996DDF3D3CDBBD911','dima','0:0:0:0:0:0:0:1'),('DAB0ED3C043EBDE55245018E6EC00747','dima','0:0:0:0:0:0:0:1'),('DE71450B6124B5BF231B6397F99B2444','dima','0:0:0:0:0:0:0:1'),('DFA28AA03073BDA452149D0133F382B9','dima','0:0:0:0:0:0:0:1'),('E02E23997C011A56379655BE83376F5A','dima','0:0:0:0:0:0:0:1'),('E61C8DE4F08B157B3194C46CA27B74A7','dima','0:0:0:0:0:0:0:1'),('E90A5F2378B03EC8508CA25A4E27865A','dima','0:0:0:0:0:0:0:1'),('EE3B243814430F07A01BC84D3E6B5ECF','dima','0:0:0:0:0:0:0:1'),('F1B292673F86A04AB4952C66A3E7E9A6','dima','0:0:0:0:0:0:0:1'),('F57D2EAFEAE004E8DC5DE0CDAF44EA32','dima','0:0:0:0:0:0:0:1'),('F7C2B2341F1DC9BA25ECD1EF30F286E1','dima','0:0:0:0:0:0:0:1'),('F7DF9BCE62D00BB259AFCD1E44915393','dima','0:0:0:0:0:0:0:1'),('FB2E3750EE609DB2FD4C8EC5434B8681','dima','0:0:0:0:0:0:0:1'),('FCB0FB3DFD91620F44D2BADEC7B9BA3F','dima','0:0:0:0:0:0:0:1'),('u69y3quxg9x211xtppg73qtj2','dima','0:0:0:0:0:0:0:1');
/*!40000 ALTER TABLE `SESSION` ENABLE KEYS */;
UNLOCK TABLES;

--
-- Table structure for table `SUB_MENU`
--

DROP TABLE IF EXISTS `SUB_MENU`;
/*!40101 SET @saved_cs_client     = @@character_set_client */;
/*!40101 SET character_set_client = utf8 */;
CREATE TABLE `SUB_MENU` (
  `id` varchar(100) NOT NULL,
  `name` varchar(100) DEFAULT NULL,
  `css` varchar(100) DEFAULT NULL,
  `icon` varchar(100) DEFAULT NULL,
  `href` varchar(100) DEFAULT NULL,
  `menu_id` varchar(100) DEFAULT NULL,
  PRIMARY KEY (`id`),
  KEY `SUB_MENU_MENU_FK` (`menu_id`),
  CONSTRAINT `SUB_MENU_MENU_FK` FOREIGN KEY (`menu_id`) REFERENCES `MENU` (`id`)
) ENGINE=InnoDB DEFAULT CHARSET=utf8;
/*!40101 SET character_set_client = @saved_cs_client */;

--
-- Dumping data for table `SUB_MENU`
--

LOCK TABLES `SUB_MENU` WRITE;
/*!40000 ALTER TABLE `SUB_MENU` DISABLE KEYS */;
INSERT INTO `SUB_MENU` VALUES ('doc','doc','doc','doc','href','main');
/*!40000 ALTER TABLE `SUB_MENU` ENABLE KEYS */;
UNLOCK TABLES;

--
-- Table structure for table `USER`
--

DROP TABLE IF EXISTS `USER`;
/*!40101 SET @saved_cs_client     = @@character_set_client */;
/*!40101 SET character_set_client = utf8 */;
CREATE TABLE `USER` (
  `id` bigint(20) NOT NULL AUTO_INCREMENT,
  `address` varchar(255) DEFAULT NULL,
  `name` varchar(255) DEFAULT NULL,
  `phone` varchar(255) DEFAULT NULL,
  PRIMARY KEY (`id`)
) ENGINE=InnoDB AUTO_INCREMENT=45 DEFAULT CHARSET=utf8;
/*!40101 SET character_set_client = @saved_cs_client */;

--
-- Dumping data for table `USER`
--

LOCK TABLES `USER` WRITE;
/*!40000 ALTER TABLE `USER` DISABLE KEYS */;
INSERT INTO `USER` VALUES (30,'463','Fedor222','235'),(33,'543','Test','342'),(35,'44343','Test2','333'),(38,'1111','Dima3311','234'),(43,'32','Dev','2432'),(44,'few','Dddd','12543');
/*!40000 ALTER TABLE `USER` ENABLE KEYS */;
UNLOCK TABLES;

--
-- Dumping routines for database 'DICT'
--
/*!40103 SET TIME_ZONE=@OLD_TIME_ZONE */;

/*!40101 SET SQL_MODE=@OLD_SQL_MODE */;
/*!40014 SET FOREIGN_KEY_CHECKS=@OLD_FOREIGN_KEY_CHECKS */;
/*!40014 SET UNIQUE_CHECKS=@OLD_UNIQUE_CHECKS */;
/*!40101 SET CHARACTER_SET_CLIENT=@OLD_CHARACTER_SET_CLIENT */;
/*!40101 SET CHARACTER_SET_RESULTS=@OLD_CHARACTER_SET_RESULTS */;
/*!40101 SET COLLATION_CONNECTION=@OLD_COLLATION_CONNECTION */;
/*!40111 SET SQL_NOTES=@OLD_SQL_NOTES */;

-- Dump completed on 2016-10-10 12:29:04
